{
  "dev.marcosanjos@gmail.com": {
    "name": "Marcos",
    "hours": 165.8933333333333,
    "no_commits": 176
  },
  "total": {
    "hours": 165.8933333333333,
    "commits": 176
  }
}
